Date,User,Tweet
2023-03-31 13:17:02+00:00,N1infoBG,"‚ÄûMMR vakcina ne izaziva autizam, roditelji da ne odla≈æu vakcinaciju‚Äú https://t.co/Yg5K101uIm"
2023-03-11 15:13:55+00:00,kocic21,"@pjevaax Zena je skroz realna. Poenta tvita sto drzava stalno kuka kako se pojavile boginje malo dece vakcinisano MMRom. A poslali inspekcije po DZ i pritegli lekare da salju pozive za vakcinaciju.Umesto malo da informisu roditelje koja vakcina,cemu sluzi,zasto je dobra za dete i okolinu."
2023-03-10 11:28:09+00:00,CKCG_MRC,"üìä Crveni krst Crne Gore je u saradnji sa agencijom Ipsos i @ijzcg u okviru projekta ,,Aktivnosti u vezi sa imunizacijom protiv COVID-19 virusa"" finansiranog od strane @ifrc pro≈°le godine sproveo istra≈æivanje ƒçije rezultate u vezi MMR vakcine vam danas predstavljamo. üíâ https://t.co/Yl9y27mil1"
2023-03-09 15:45:28+00:00,kocic21,"""Stvari se ne menjaju preko noƒái zabranama i ≈æestokim ka≈ænjavanjem,vec obrazovanjem."" @SlavicaPlavsic 
Bas tako. Dobili smo poziv za vakcinaciju bebe 15m.Gde je zaokruzeno OBAVEZNO I KAZNA OD 20 DO 50K.Nigde naveli nisu da je MMR,cemu sluzi, zasto je dobro za dete da je primi..."
2023-03-05 20:47:33+00:00,zrnopameti,Vakcinacija u Japanu: djeca primaju redovne vakcine i MMR https://t.co/FNDpJXQpzQ
2023-03-03 11:25:13+00:00,dhemela,Apel za vakcinaciju MMR vakcinama https://t.co/Pia3w4Y9xz –ø—Ä–µ–∫–æ –∫–æ—Ä–∏—Å–Ω–∏–∫–∞ @YouTube
2023-03-01 10:45:38+00:00,radiogalaksija,"...  drugu dozu MMR vakcine, koliki treba da bude obuhvat vakcinacije da bi se suzbile epidemije i da bi se male boginje iskorenile, itd."
2023-03-01 10:45:37+00:00,radiogalaksija,"... od 22. 2. 2023. godine, zvaniƒçno je registrovano 39 sluƒçajeva zaraze. 
U ovoj epizodi smo priƒçali o malim boginjama i morbili virusu, vakcinaciji i za≈°titi od ove (i drugih zaraznih bolesti), MMR vakcini i epidemijama malih boginja. Priƒçali smo i o kovidu i imunologiji..."
2023-03-01 10:45:36+00:00,radiogalaksija,"...  unazad (MMR ili MMRV vakcine), nisu. Pritom, ne samo ≈°to nisu iskorenjene, nego su epidemije ponovo poƒçele da se pojavljuju, jer je obuhvat vakcinacije mali, poƒçev od dokazane prevare i podvale Endrjua Vejkfilda u ƒçasopisu Lanset iz 1998. godine, do antivakcinacijskih..."
2023-02-28 09:41:37+00:00,radiogalaksija,"... od 22. 2. 2023. godine, zvaniƒçno je registrovano 39 sluƒçajeva zaraze. 
U veƒçera≈°njoj epizodi ƒáemo o malim boginjama i morbili virusu, vakcinaciji, MMR vakcini i epidemijama malih boginja razgovarati sa doc. dr Eminom Milo≈°eviƒá, imunolo≈°kinjom sa Instituta za mikrobiologiju..."
2023-02-28 09:41:36+00:00,radiogalaksija,"...  decenijama unazad (MMR ili MMRV vakcine), nisu. Pritom, ne samo ≈°to nisu iskorenjene, nego su epidemije ponovo poƒçele da se pojavljuju, jer je obuhvat vakcinacije mali, poƒçev od dokazane prevare i podvale Endrjua Vejkfilda u ƒçasopisu Lanset iz 1998. godine, do ..."
2023-02-26 18:57:00+00:00,Blic_online,"""PONOVO ƒÜEMO IMATI EPIDEMIJU MALIH BOGINJA"" Lekar upozorava na katastrofalnu situaciju u Srbiji sa vakcinacijom dece MMR vakcinom

https://t.co/JQqW7rt76Y https://t.co/KRAxYvoyGT"
2023-02-24 19:40:37+00:00,SlavicaPlavsic,"‚ÄºÔ∏èNepoznat vakcinalni status! Nadam se da se ovde mogu naƒái odgovori na veƒáinu pitanja i nedoumica u vezi sa MMR vakcinacijom odraslih.
-≈°ta da rade roƒëeni posle 1971 ?
- ko mo≈æe da primi vakcinu o tro≈°ku RFZO -gde mo≈æe da se kupi i primi  MMR vakcina https://t.co/No9ee7PMaj"
2023-02-24 10:58:11+00:00,GradskiMe,"https://t.co/brcyXPfPLj 
Dom zdravlja Podgorica (DZPG) organizovaƒáe i ovog vikenda vanrednu vakcinaciju MMR vakcinom u Domu zdravlja (DZ) Stara Varo≈°."
2023-03-28 19:13:38+00:00,airlady18,@SamFio1 @NeposlusniSrb –û–Ω —ò–µ –ø–æ—Å—Ç–∞–≤–∏–æ —Ç–≤–∏—Ç –∫–∞–¥–∞ —ò–µ —õ–µ—Ä–∫—É –æ–¥–≤–µ–æ –Ω–∞ –≤–∞–∫—Ü–∏–Ω–∞—Ü–∏—ò—É. –£ –≤—Ä–µ–º–µ –∫–∞–º–ø–∞—ö–µ –∑–∞ –ú–ú–†. –°–æ–ø—Å—Ç–≤–µ–Ω–æ –¥–µ—Ç–µ —É —Å–ª—É–∂–±–∏ –∞–≥–µ–Ω–¥–µ. –ù–ò–®–¢–ê –º—É –Ω–µ –≤–µ—Ä—É—ò–µ–º.
2023-04-03 08:38:32+00:00,IvRadoicic,"@N1infoBG da pa≈æljivije bira sagovornike, eto nama nove epidemije morbila, jer majka autistiƒçnog deteta lobira protiv MMR vakcina."
2023-03-28 10:12:47+00:00,telegrafrs,Male boginje ne posustaju: Najvi≈°e zara≈æenih meƒëu decom do 2 godine https://t.co/EyXijZt6t7 via @telegrafrs
2023-03-13 07:04:41+00:00,telegrafrs,Male boginje potvrƒëene i kod deteta od 14 meseci u Beogradu: Broj zara≈æenih se popeo na 43 https://t.co/1cMECOsE9o via @telegrafrs
2023-03-01 10:45:38+00:00,radiogalaksija,"...  drugu dozu MMR vakcine, koliki treba da bude obuhvat vakcinacije da bi se suzbile epidemije i da bi se male boginje iskorenile, itd."
2023-03-01 10:45:36+00:00,radiogalaksija,"...  unazad (MMR ili MMRV vakcine), nisu. Pritom, ne samo ≈°to nisu iskorenjene, nego su epidemije ponovo poƒçele da se pojavljuju, jer je obuhvat vakcinacije mali, poƒçev od dokazane prevare i podvale Endrjua Vejkfilda u ƒçasopisu Lanset iz 1998. godine, do antivakcinacijskih..."
2023-02-28 09:41:36+00:00,radiogalaksija,"...  decenijama unazad (MMR ili MMRV vakcine), nisu. Pritom, ne samo ≈°to nisu iskorenjene, nego su epidemije ponovo poƒçele da se pojavljuju, jer je obuhvat vakcinacije mali, poƒçev od dokazane prevare i podvale Endrjua Vejkfilda u ƒçasopisu Lanset iz 1998. godine, do ..."
2023-02-26 18:57:00+00:00,Blic_online,"""PONOVO ƒÜEMO IMATI EPIDEMIJU MALIH BOGINJA"" Lekar upozorava na katastrofalnu situaciju u Srbiji sa vakcinacijom dece MMR vakcinom

https://t.co/JQqW7rt76Y https://t.co/KRAxYvoyGT"
2023-02-25 11:02:18+00:00,CecaDr,"@SlavicaPlavsic Ja sam primila 2019god 2 doze MMR, kad je izbila ona epidemija. Proveravali nam svima(zaposlenim)  At, Nisam imala. Trazila moj Karton, arhiviran , zagubljen(1981 god) . Verovatno sam primila 1 dozu MM u detinjstvu i 0 At"
2023-02-23 08:37:50+00:00,KoSSevnews,Male boginje u Srbiji: Zara≈æeni ≈°iri virus na 15 osoba ako nisu imunizovane https://t.co/wsqqSBJ5LZ
2023-02-23 07:48:30+00:00,BobRock77,"@wonapalei12 @KukurikuKokoda Ja sam tra≈æio u Londonu gde nije bio potreban nikakav uput, sestra me saslu≈°ala i boc. Ovde dvojica drugara mislim oti≈°la kod doktora i objasnili da su radili antitela i da je epidemija (2017) i da rade s malom decom, i dobili MMR. Kumi predlo≈æio doktor jer je ionako imunokomp."
2023-03-17 13:09:35+00:00,aleksandarsubi,"@MunemRuz @MilinaDoric –û–≤–µ –µ–ø–∏–¥–µ–º–∏—ò–µ —Å—Ç–µ—Ä–∏–ª–∏—Ç–µ—Ç–∞, –∞—É—Ç–∏–∑–º–∞ –Ω–∏—Å—É –ø–æ —Ç–µ–ª–µ–≤–∏–∑–∏—ò–∞–º–∞ –Ω–∏—Ç–∏ —ò–µ –∏–∫–æ –Ω–∞–¥–ª–µ–∂–∞–Ω. –£–∂–∏–≤–∞—ò —É 500000 –±—Ä–∞—á–Ω–∏—Ö –ø–∞—Ä–æ–≤–∞ –†–ï–ì–ò–°–¢–†–û–í–ê–ù–ò–• —Å—Ç–µ—Ä–ª–∏–Ω–∏—Ö –¥–∞–ª –æ–Ω/–æ–Ω–∞ –∏–ª–∏ –æ–±–æ—ò–µ...–∏ –Ω–∞ —Å—Ç–æ—Ç–∏–Ω–µ —Ö–∏—ô–∞–¥–∞ –¥–µ—Ü–µ —Å–∞ –∞—É—Ç–∏–∑–º–æ–º...
–ó–∞–º–∏—Å–ª–∏ —Å–≤–∏–º–∞ –∑–∞—ò–µ–¥–Ω–∏—á—ò–∞ –ú–ú–†üíâ"
2023-03-11 13:50:49+00:00,Milos1005,"@VunicaPupka @MilinaDoric @Jovana1244 –ì–¥–µ —Å–∏ —Ç–∏ –≤–∏–¥–µ–æ –µ–ø–∏–¥–µ–º–∏—ò—É, —ò–∞ –Ω–∞–ª–∞–∑–∏–º —Å–∞–º–æ –ø—Ä–µ—Ç—ö–µ, –¥–∞ —Å–µ —Å–ª—É–¥–∏ –Ω–∞—Ä–æ–¥. –ê–∫–æ —Å–µ –º–Ω–æ–≥–æ –ø–ª–∞—à–∏—à –∑–∞ —Å–µ–±–µ –∏ —Å–≤–æ—ò—É –¥–µ—Ü—É, –Ω–∞—Ç–∞–∫–∞—Ä–∏—Ç–µ —Å–≤–∏ –∑–∞—ò–µ–¥–Ω–æ –º–∞—Å–∫—É. –ë–æ–≥–∏—ö–µ —Å–µ –ø—Ä–µ–Ω–æ—Å–µ —Ä–µ—Å–ø–∏—Ä–∞—Ç–æ—Ä–Ω–∏–º –ø—É—Ç–µ–º.
https://t.co/5r1SZghjJP"
